Title,Price,Rating,Date
"Apple iPhone 15, 128GB, Black - Unlocked (Renewed)",694.97,4.1 out of 5 stars,2024-05-14
"Apple iPhone 15, 128GB, Black - Unlocked (Renewed)",694.97,4.1 out of 5 stars,2024-05-14
"Apple iPhone 15, 128GB, Black - Unlocked (Renewed)",669.00,4.1 out of 5 stars,2024-05-14
"Apple iPhone 15, 128GB, Black - Unlocked (Renewed)",669.00,4.1 out of 5 stars,2024-05-14
"Apple iPhone 15, 128GB, Black - Unlocked (Renewed)",694.97,4.1 out of 5 stars,2024-05-14
"Apple iPhone 15, 128GB, Black - Unlocked (Renewed)",669.00,4.1 out of 5 stars,2024-05-14
"Apple iPhone 15, 128GB, Black - Unlocked (Renewed)",669.00,4.1 out of 5 stars,2024-05-14
"Apple iPhone 15, 128GB, Black - Unlocked (Renewed)",669.00,4.1 out of 5 stars,2024-05-14
"Apple iPhone 15, 128GB, Black - Unlocked (Renewed)",669.00,4.1 out of 5 stars,2024-05-14
"Apple iPhone 15, 128GB, Black - Unlocked (Renewed)",669.00,4.1 out of 5 stars,2024-05-14
